{
  "generated_at": "2026-04-25T15:37:26.831184",
  "statistics": {
    "total_records": 594,
    "after_dedup": 297,
    "duplicates_removed": 297,
    "merged_records": 0,
    "dedup_rate": "50.00%"
  },
  "quality_issues": [],
  "coverage_rate": {
    "中华人民共和国民法典": 14.603174603174605,
    "中华人民共和国劳动法": 4.672897196261682,
    "中华人民共和国劳动合同法": 16.853932584269664,
    "中华人民共和国公司法": 0.0,
    "中华人民共和国消费者权益保护法": 17.391304347826086,
    "中华人民共和国道路交通安全法": 2.608695652173913,
    "中华人民共和国刑法": 0.0,
    "中华人民共和国刑事诉讼法": 0.0,
    "中华人民共和国民事诉讼法": 0.0
  },
  "missing_articles": {
    "中华人民共和国民法典": [
      "60-76",
      "76-87",
      "87-143",
      "196-209",
      "221-240",
      "240-271",
      "311-471",
      "509-525",
      "615-657",
      "692-703",
      "712-725",
      "734-919",
      "919-933",
      "933-944",
      "944-990",
      "1035-1046",
      "1064-1076",
      "1091-1121",
      "1142-1158",
      "1218-1229",
      "1229-1245"
    ]
  },
  "processing_time_seconds": 0.0
}